start	end	text
0	8240	Ciclaugro é um ciclofor para iriviar dos dedos, nunca serem em várias, mas que também
8240	16340	fazem as peras e o teste do registro de Estado.
30000	50000	Contendo o ano, temos agora a terminar esta secção desta diagrama de blocos de 32,
51000	56000	para chamar a tensão que já existem microcontroladores, aliás, já existem há vários anos,
56000	64000	portanto, que existem microcontroladores com mais do que um microcontrolador, ou seja, com mais do que um núcleo,
64000	77000	e este é o teste 32, é um microcontrolador do Alcore, e portanto, pois que tem outros periphericos,
77000	86000	portanto, hoje aqui, a definição do Acrônio para alguns algumas interfaces que não apareceram no H&R,
86000	95000	portanto, este temos uma específica para, ou o que o noturo foi criado, especificamente para audio,
96000	104000	a parte, aqui, uma interface sdm para dc, como se fossepós sdk, mas para outros tipos que permitem usar,
104000	110000	uma interface semelhante, para os tipos de dispositivos que não, os cartões de memória,
110000	119000	aqui, uma interface que, no fundo, portanto, é um barramento, é implementação de aspetendedores do Cetanar de Can,
120000	127000	e outros que estão, portanto, sinais para em favor mais, portanto, tem aqui mais alguns conjuntos,
127000	134000	algumas interfaces que não existem neste Java, este Java é erros mais simples, até os testes de censors,
134000	139000	que são sensores, são entradas que conseguem detectar alterações de capacidade,
139000	146000	em que permitem que uma sou assinária, tanto se detectar a interação do toque de uma pessoa.
146000	150000	Mas isto, para o aspecto que eu queria mencionar em relação aos microcontrolladores,
150000	157000	é que, a partir do momento em que entramos em sistemas em microcontrolladores com mais do que um núcleo,
157000	165000	aqui, das duas uma, ou estamos a falar de casos, depois de programas, como organização muito simples,
165000	172000	em que se consegue, separar muito bem cada uma das funções e tratamento de dados,
172000	179000	que são feitos em cada núcleo e que, no fundo, estamos a usar aquilo quase como se fossem dois microcontrolladores isolados,
179000	186000	ou então, quando queremos realmente tirar todo o partido do ocor, portanto, o facto de saber ali,
186000	192000	dois microprocedores, que reparem partilham a mesma ROM e a mesma RAM,
192000	201000	tanto, é uma arquitetura de memória partilhada, e, portanto, o mais adequado,
201000	206000	mas, portanto, que, realmente, se quisermos tirar isto, e para se chamar mais completos,
206000	213000	já é usar sistemas operativos específicos para microcontrolladores, por exemplo, o Arduino,
213000	219000	no suporte que tem, para os 32, os automaticamente, um, faz parte da multaqueda,
219000	225000	das multaquias dela, instala logo, um sistema operativo para quisesse para microcontrolladores,
225000	229000	que é o frito dos que vocês vão depois usar ou estudar,
229000	235000	no outro modo, o mais afinal dos próximos 3 meses, aqui, portanto, para não estar a roubar portagonismo
235000	241000	também ao último modo, não vamos abordar isto, mas, depois vão estudar este sistema operativo,
241000	251000	penso no outro modo, que, parem que não é só que estão descalonamento,
251000	260000	é, depois, para quem já estudou sistemas de programação, em sistemas Linux,
260000	264000	ou, se temos operativo multiprocesso, em geral, se todo o conceito de semáforos,
264000	268000	de multaquias, e sabe que, a partir do momento em que temos várias multitarefas,
268000	274000	começam a surgir potenciais confolitos, necessito recursos, principalmente,
274000	281000	portanto, se estas tarefas partilharem variáveis, ou quisessem partilharem,
281000	289000	a priori acesso aos vários módulos que estão disponíveis no microcontrollador,
289000	293000	portanto, tem que haver, depois, maneiras de derbiterar este s6,
293000	298000	através desses mecanismos auxiliais, que mostramá frasios no texto.
299000	306000	E também, portanto, é um topo que vão falar no módulo de sistemas operativos.
309000	310000	Agora vai.
313000	321000	Agora, relativamente este módulo, tirando o que eu sugeli para a próxima aula,
321000	328000	portanto, eu vou começar, agora, a fazer a transição para o mundo Linux,
328000	334000	ou para o ambiente Linux, portanto, no fundo, vamos saltar daqui,
334000	339000	se fizermos a analogia aqui, como o mapa de produtos do Arduino,
339000	343000	vamos saltar aqui dos microcontrolladores, diretamente aqui para estes temas,
343000	346000	com suporte, para Linux, ok?
347000	352000	Sendo que, tantos mais uma vez, chama a tensão que o princípio de funcionamento
352000	358000	desses sistemas de 32 bits, tem a entrada a questão dos multicore,
358000	362000	acaba por não ser muito diferente de estes, portanto, os princípios de funcionamento
362000	365000	são uns menos, a questão é que temos quantidades,
365000	369000	de tipo de amêntem, quantidades de memória superior,
369000	376000	e taxas de eficúências de pessoas também bastante superior,
376000	382000	o que permite certas aplicações, principalmente aplicações de que envolvam
382000	387000	comunicações incriptadas, por exemplo, estão fora do alcance de estes microcontrolladores,
387000	391000	tem que ser já com estas famílias, ligamos assim.
392000	400000	Para bem, então, eu hoje não fiz intervalmas também,
400000	406000	é esta hora também, acho que não faz muito sentido.
411000	418000	Bom, então, ou seja, eu vou terminar agora aqui a sessão com uma introdução ligera
419000	426000	aos sistemas Linux, acho que e este,
426000	429000	porque este slide, penso que estão em português,
429000	433000	eu ainda não, enfim, usei a lei do nosso forte,
433000	436000	porque ainda não os traz eventualmente,
436000	438000	pois posso trazer o suprę inglês,
438000	442000	então, até aqui, vamos lá ver.
450000	453000	Eu vou polisar o que é o minuto,
453000	457000	para refrescar a garganta, que só fica com a garganta séquica.
465000	467000	É só o minutinho.
468000	470000	Então, vamos lá ver.
529000	543000	Eu não tenho aqui nenhum slide com aquela conversa clássica do que é um sistema operativo,
543000	548000	portanto, eu começo lá aqui, por me ensinar,
549000	552000	podemos ter uma espécie de separação,
553000	557000	para que um sistema operativo é composto por várias partes,
557000	561000	como tanto que a gente já teve unidades correlais que precisamos operativos sabe,
561000	566000	mas eu sei que, portanto, aqui meia doze de alguns que poderão não ter atido,
566000	573000	essas bases, assim, vamos para um ponto de vista mais formal ou acadêmico.
574000	576000	Portanto, o sistema operativo,
579000	582000	tentamos, se pensamos, ponto de vista de utilizador,
582000	588000	tem um conjunto de utilitários que facilitam a utilização da máquina,
588000	593000	depois também tem as próprias bibliotecas do sistema operativo
593000	600000	que facilitam o desenvolvimento de software para esses temas,
601000	604000	ou para os sistemas deportados pelo sistema operativo,
605000	608000	e a mais, no seu sério,
609000	614000	no meu caso, o sistema operativo está no fundo o seu coração,
614000	619000	que, emquanto é usado o termo o carno ao sistema operativo,
619000	627000	tem forneço os serviços principais do sistema operativo, nomeadamente,
628000	632000	estão dos três principais recursos de um sistema computacional,
632000	635000	estão dos processadores, estão da memória,
635000	643000	e estão do acesso aos vários positivos de entrada e saída.
645000	648000	Reparem, portanto, temos aqui,
648000	651000	a tal representação das bibliotecas,
651000	655000	portanto, aqui não estou representada as aplicações e utilitários
656000	658000	dos sistemas operativos,
658000	663000	mas, portanto, mesmo em termos de modo funcimento por sador,
664000	672000	existe aqui uma separação de risa entre o ambiente em que os programas,
672000	676000	ou com textos programas do utilizador são escutados,
676000	683000	e o com texto em que o código do núcleo escutado é escutado.
685000	694000	Basicamente, os processadores que são criados de forma optimizada
694000	698000	para estes termos operativos, como os exemplos que mostrei a pouco,
700000	704000	permitem criar diferentes níveis de privilégio
704000	708000	para a execução dos...
709000	711000	para o modo funcimento do processador,
711000	715000	ou seja, para os programas que estão a ser escutados em cada instante,
715000	717000	e depois o código sustema operativo,
717000	721000	tem capacidade de mudar estes níveis de privilégio,
721000	724000	conforme o que está a ser escutado,
724000	729000	ou até atribuir ao próprio e portanto aos próprios gendares de memória,
729000	732000	onde estamos os programas níveis de privilégio diferentes.
732000	737000	Isso faz com que eles sejam escutados de acordo com estes níveis de privilégio.
737000	745000	Portanto, o Linux no fundo é...
745000	748000	Quando não só falam sejam operativos Linux,
748000	753000	como ter um abuso de linguagem, o Linux é só um núcleo sejam operativo.
753000	759000	Para ter um João sistema operativo completo, que são tipicamente chamadas,
759000	765000	distribuições de no Linux é preciso de um conjunto de software,
765000	769000	adicional, além do kernel.
769000	774000	Portanto, o código fonte do Linux pode ser descarregado.
774000	779000	Portanto, como vocês sabem, é open source e livre.
779000	783000	Desculpa, por aqui é coicaniste.
783000	789000	A maior parte das distribuições,
789000	796000	depois fazem aplicamos, portanto, arremendo os seus próprios ou as suas próprias,
796000	803000	ou até as afinações, ou a versão base do kernel,
803000	811000	e junto todo o restante software necessário para criar um sejam operativo.
811000	817000	Para que eu que façam mensão algumas distribuições conhecidas de Linux,
817000	821000	o FeGOR ou o BUNTO,
821000	830000	cada uma delas, portanto, além de, portanto, existem várias versões do FeGOR e do BUNTO,
830000	841000	basicamente, cada uma delas pode estar a trabalhar com uma versão diferente do kernel, ok?
842000	846000	Eu dou aqui um exemplo, que é que este o FeGOR,
846000	849000	hoje já vem no 43 ou coisa de jane,
849000	854000	portanto, foi lançado com o Linux 6.2, mas, depois, a certa altura,
854000	859000	até é open apagareites que fizeram com a versão do Linux, ou seja, do Linux.
